nor_countryid,nor_name
c48651e5-5e33-f111-88b4-6045bde02116,AFGHANISTAN
b18651e5-5e33-f111-88b4-6045bde02116,Aland Islands
c58651e5-5e33-f111-88b4-6045bde02116,ALBANIA
c68651e5-5e33-f111-88b4-6045bde02116,ALGERIA
c78651e5-5e33-f111-88b4-6045bde02116,AMERICAN SAMOA
c88651e5-5e33-f111-88b4-6045bde02116,ANDORRA
ca8651e5-5e33-f111-88b4-6045bde02116,ANGOLA
cb8651e5-5e33-f111-88b4-6045bde02116,ANGUILLA
cc8651e5-5e33-f111-88b4-6045bde02116,ANTARCTICA
cd8651e5-5e33-f111-88b4-6045bde02116,ANTIGUA AND BARBUDA
ce8651e5-5e33-f111-88b4-6045bde02116,ARGENTINA
d08651e5-5e33-f111-88b4-6045bde02116,ARMENIA
d18651e5-5e33-f111-88b4-6045bde02116,ARUBA
d48651e5-5e33-f111-88b4-6045bde02116,AUSTRALIA
d78651e5-5e33-f111-88b4-6045bde02116,AUSTRIA
e08651e5-5e33-f111-88b4-6045bde02116,AZERBAIJAN
e48651e5-5e33-f111-88b4-6045bde02116,BAHAMAS
ed8651e5-5e33-f111-88b4-6045bde02116,BAHRAIN
f48651e5-5e33-f111-88b4-6045bde02116,BANGLADESH
f88651e5-5e33-f111-88b4-6045bde02116,BARBADOS
fb8651e5-5e33-f111-88b4-6045bde02116,BELARUS
008751e5-5e33-f111-88b4-6045bde02116,BELGIUM
048751e5-5e33-f111-88b4-6045bde02116,BELIZE
088751e5-5e33-f111-88b4-6045bde02116,BENIN
0c8751e5-5e33-f111-88b4-6045bde02116,BERMUDA
0d8751e5-5e33-f111-88b4-6045bde02116,BHUTAN
148751e5-5e33-f111-88b4-6045bde02116,"BOLIVIA, PLURINATIONAL STATE OF"
1c8751e5-5e33-f111-88b4-6045bde02116,BOSNIA AND HERZEGOVINA
218751e5-5e33-f111-88b4-6045bde02116,BOTSWANA
288751e5-5e33-f111-88b4-6045bde02116,BOUVET ISLAND
2f8751e5-5e33-f111-88b4-6045bde02116,BRAZIL
338751e5-5e33-f111-88b4-6045bde02116,BRITISH INDIAN OCEAN TERRITORY
3a8751e5-5e33-f111-88b4-6045bde02116,BRUNEI DARUSSALAM
488751e5-5e33-f111-88b4-6045bde02116,BULGARIA
4a8751e5-5e33-f111-88b4-6045bde02116,BURKINA FASO
4b8751e5-5e33-f111-88b4-6045bde02116,BURUNDI
4c8751e5-5e33-f111-88b4-6045bde02116,CAMBODIA
4d8751e5-5e33-f111-88b4-6045bde02116,CAMEROON
4e8751e5-5e33-f111-88b4-6045bde02116,CANADA
4f8751e5-5e33-f111-88b4-6045bde02116,CAPE VERDE
508751e5-5e33-f111-88b4-6045bde02116,CAYMAN ISLANDS
518751e5-5e33-f111-88b4-6045bde02116,CENTRAL AFRICAN REPUBLIC
528751e5-5e33-f111-88b4-6045bde02116,CHAD
538751e5-5e33-f111-88b4-6045bde02116,CHILE
548751e5-5e33-f111-88b4-6045bde02116,CHINA
558751e5-5e33-f111-88b4-6045bde02116,CHRISTMAS ISLAND
568751e5-5e33-f111-88b4-6045bde02116,COCOS (KEELING) ISLANDS
578751e5-5e33-f111-88b4-6045bde02116,COLOMBIA
5a8751e5-5e33-f111-88b4-6045bde02116,COMOROS
7a314ceb-5e33-f111-88b4-6045bde02116,CONGO
c5314ceb-5e33-f111-88b4-6045bde02116,"CONGO, THE DEMOCRATIC REPUBLIC OF THE"
bb8651e5-5e33-f111-88b4-6045bde02116,CONGO(DRC)
5b8751e5-5e33-f111-88b4-6045bde02116,COOK ISLANDS
5c8751e5-5e33-f111-88b4-6045bde02116,COSTA RICA
5e8751e5-5e33-f111-88b4-6045bde02116,CÔTE D'IVOIRE
608751e5-5e33-f111-88b4-6045bde02116,CROATIA
618751e5-5e33-f111-88b4-6045bde02116,CUBA
628751e5-5e33-f111-88b4-6045bde02116,CYPRUS
638751e5-5e33-f111-88b4-6045bde02116,CZECH REPUBLIC
648751e5-5e33-f111-88b4-6045bde02116,DENMARK
658751e5-5e33-f111-88b4-6045bde02116,DJIBOUTI
668751e5-5e33-f111-88b4-6045bde02116,DOMINICA
678751e5-5e33-f111-88b4-6045bde02116,DOMINICAN REPUBLIC
698751e5-5e33-f111-88b4-6045bde02116,ECUADOR
6a8751e5-5e33-f111-88b4-6045bde02116,EGYPT
6b8751e5-5e33-f111-88b4-6045bde02116,EL SALVADOR
6c8751e5-5e33-f111-88b4-6045bde02116,EQUATORIAL GUINEA
6d8751e5-5e33-f111-88b4-6045bde02116,ERITREA
6e8751e5-5e33-f111-88b4-6045bde02116,ESTONIA
6f8751e5-5e33-f111-88b4-6045bde02116,ETHIOPIA
718751e5-5e33-f111-88b4-6045bde02116,FALKLAND ISLANDS (MALVINAS)
708751e5-5e33-f111-88b4-6045bde02116,FAROE ISLANDS
728751e5-5e33-f111-88b4-6045bde02116,FIJI
738751e5-5e33-f111-88b4-6045bde02116,FINLAND
748751e5-5e33-f111-88b4-6045bde02116,FRANCE
758751e5-5e33-f111-88b4-6045bde02116,FRANCE METROPOLITAN
768751e5-5e33-f111-88b4-6045bde02116,FRENCH GUIANA
778751e5-5e33-f111-88b4-6045bde02116,FRENCH POLYNESIA
788751e5-5e33-f111-88b4-6045bde02116,FRENCH SOUTHERN TERRITORIES
7a8751e5-5e33-f111-88b4-6045bde02116,GABON
798751e5-5e33-f111-88b4-6045bde02116,GAMBIA
7b8751e5-5e33-f111-88b4-6045bde02116,GEORGIA
7c8751e5-5e33-f111-88b4-6045bde02116,GERMANY
7d8751e5-5e33-f111-88b4-6045bde02116,GHANA
7e8751e5-5e33-f111-88b4-6045bde02116,GIBRALTAR
808751e5-5e33-f111-88b4-6045bde02116,GREECE
818751e5-5e33-f111-88b4-6045bde02116,GREENLAND
828751e5-5e33-f111-88b4-6045bde02116,GRENADA
838751e5-5e33-f111-88b4-6045bde02116,GUADELOUPE
848751e5-5e33-f111-88b4-6045bde02116,GUAM
858751e5-5e33-f111-88b4-6045bde02116,GUATEMALA
868751e5-5e33-f111-88b4-6045bde02116,GUERNSEY
878751e5-5e33-f111-88b4-6045bde02116,GUINEA
888751e5-5e33-f111-88b4-6045bde02116,GUINEA-BISSAU
898751e5-5e33-f111-88b4-6045bde02116,GUYANA
8a8751e5-5e33-f111-88b4-6045bde02116,HAITI
8b8751e5-5e33-f111-88b4-6045bde02116,HEARD ISLAND AND MCDONALD ISLANDS
b5314ceb-5e33-f111-88b4-6045bde02116,HOLY SEE (VATICAN CITY STATE)
8c8751e5-5e33-f111-88b4-6045bde02116,HONDURAS
8d8751e5-5e33-f111-88b4-6045bde02116,HONG KONG
8e8751e5-5e33-f111-88b4-6045bde02116,HUNGARY
8f8751e5-5e33-f111-88b4-6045bde02116,ICELAND
908751e5-5e33-f111-88b4-6045bde02116,INDIA
918751e5-5e33-f111-88b4-6045bde02116,INDONESIA
928751e5-5e33-f111-88b4-6045bde02116,"IRAN, ISLAMIC REPUBLIC OF"
938751e5-5e33-f111-88b4-6045bde02116,IRAQ
948751e5-5e33-f111-88b4-6045bde02116,IRELAND
958751e5-5e33-f111-88b4-6045bde02116,ISLE OF MAN
968751e5-5e33-f111-88b4-6045bde02116,ISRAEL
978751e5-5e33-f111-88b4-6045bde02116,ITALY
998751e5-5e33-f111-88b4-6045bde02116,JAMAICA
9a8751e5-5e33-f111-88b4-6045bde02116,JAPAN
9b8751e5-5e33-f111-88b4-6045bde02116,JERSEY
9c8751e5-5e33-f111-88b4-6045bde02116,JORDAN
9d8751e5-5e33-f111-88b4-6045bde02116,KAZAKHSTAN
9e8751e5-5e33-f111-88b4-6045bde02116,KENYA
9f8751e5-5e33-f111-88b4-6045bde02116,KIRIBATI
68314ceb-5e33-f111-88b4-6045bde02116,"KOREA, DEMOCRATIC PEOPLE'S REPUBLIC OF"
92314ceb-5e33-f111-88b4-6045bde02116,"KOREA, REPUBLIC OF"
c38651e5-5e33-f111-88b4-6045bde02116,Kosovo
a08751e5-5e33-f111-88b4-6045bde02116,KUWAIT
a18751e5-5e33-f111-88b4-6045bde02116,KYRGYZSTAN
a28751e5-5e33-f111-88b4-6045bde02116,LAO PEOPLE'S DEMOCRATIC REPUBLIC
a38751e5-5e33-f111-88b4-6045bde02116,LATVIA
a58751e5-5e33-f111-88b4-6045bde02116,LEBANON
a88751e5-5e33-f111-88b4-6045bde02116,LESOTHO
a98751e5-5e33-f111-88b4-6045bde02116,LIBERIA
aa8751e5-5e33-f111-88b4-6045bde02116,LIBYAN ARAB JAMAHIRIYA
a78751e5-5e33-f111-88b4-6045bde02116,LIECHTENSTEIN
ab8751e5-5e33-f111-88b4-6045bde02116,LITHUANIA
ac8751e5-5e33-f111-88b4-6045bde02116,LUXEMBOURG
ad8751e5-5e33-f111-88b4-6045bde02116,MACAO
af8751e5-5e33-f111-88b4-6045bde02116,MADAGASCAR
b08751e5-5e33-f111-88b4-6045bde02116,MALAWI
b18751e5-5e33-f111-88b4-6045bde02116,MALAYSIA
b38751e5-5e33-f111-88b4-6045bde02116,MALDIVES
b48751e5-5e33-f111-88b4-6045bde02116,MALI
b58751e5-5e33-f111-88b4-6045bde02116,MALTA
b68751e5-5e33-f111-88b4-6045bde02116,MARSHALL ISLANDS
b78751e5-5e33-f111-88b4-6045bde02116,MARTINIQUE
b88751e5-5e33-f111-88b4-6045bde02116,MAURITANIA
b98751e5-5e33-f111-88b4-6045bde02116,MAURITIUS
c18751e5-5e33-f111-88b4-6045bde02116,MAYOTTE
ba8751e5-5e33-f111-88b4-6045bde02116,MEXICO
bb8751e5-5e33-f111-88b4-6045bde02116,"MICRONESIA, FEDERATED STATES OF"
bc8751e5-5e33-f111-88b4-6045bde02116,"MOLDOVA, REPUBLIC OF"
bd8751e5-5e33-f111-88b4-6045bde02116,MONACO
be8751e5-5e33-f111-88b4-6045bde02116,MONGOLIA
b08651e5-5e33-f111-88b4-6045bde02116,MONTENEGRIN
bf8751e5-5e33-f111-88b4-6045bde02116,MONTSERRAT
c08751e5-5e33-f111-88b4-6045bde02116,MOROCCO
c28751e5-5e33-f111-88b4-6045bde02116,MOZAMBIQUE
c38751e5-5e33-f111-88b4-6045bde02116,MYANMAR
c48751e5-5e33-f111-88b4-6045bde02116,NAMIBIA
c58751e5-5e33-f111-88b4-6045bde02116,NAURU
c78751e5-5e33-f111-88b4-6045bde02116,NEPAL
c88751e5-5e33-f111-88b4-6045bde02116,NETHERLANDS
c98751e5-5e33-f111-88b4-6045bde02116,NETHERLANDS ANTILLES
ca8751e5-5e33-f111-88b4-6045bde02116,NEW CALEDONIA
cb8751e5-5e33-f111-88b4-6045bde02116,NEW ZEALAND
63314ceb-5e33-f111-88b4-6045bde02116,NICARAGUA
64314ceb-5e33-f111-88b4-6045bde02116,NIGER
65314ceb-5e33-f111-88b4-6045bde02116,NIGERIA
66314ceb-5e33-f111-88b4-6045bde02116,NIUE
67314ceb-5e33-f111-88b4-6045bde02116,NORFOLK ISLAND
ae8751e5-5e33-f111-88b4-6045bde02116,North Macedonia
c28651e5-5e33-f111-88b4-6045bde02116,Northern Ireland
69314ceb-5e33-f111-88b4-6045bde02116,NORTHERN MARIANA ISLANDS
6b314ceb-5e33-f111-88b4-6045bde02116,NORWAY
6c314ceb-5e33-f111-88b4-6045bde02116,OMAN
6d314ceb-5e33-f111-88b4-6045bde02116,PAKISTAN
6e314ceb-5e33-f111-88b4-6045bde02116,PALAU
bf8651e5-5e33-f111-88b4-6045bde02116,PALESTINIAN AUTHORITY
6f314ceb-5e33-f111-88b4-6045bde02116,PANAMA
70314ceb-5e33-f111-88b4-6045bde02116,PAPUA NEW GUINEA
71314ceb-5e33-f111-88b4-6045bde02116,PARAGUAY
72314ceb-5e33-f111-88b4-6045bde02116,PERU
73314ceb-5e33-f111-88b4-6045bde02116,PHILIPPINES
75314ceb-5e33-f111-88b4-6045bde02116,PITCAIRN
76314ceb-5e33-f111-88b4-6045bde02116,POLAND
77314ceb-5e33-f111-88b4-6045bde02116,PORTUGAL
78314ceb-5e33-f111-88b4-6045bde02116,PUERTO RICO
79314ceb-5e33-f111-88b4-6045bde02116,QATAR
7b314ceb-5e33-f111-88b4-6045bde02116,RÉUNION
7c314ceb-5e33-f111-88b4-6045bde02116,ROMANIA
7d314ceb-5e33-f111-88b4-6045bde02116,RUSSIAN FEDERATION
7e314ceb-5e33-f111-88b4-6045bde02116,RWANDA
b98651e5-5e33-f111-88b4-6045bde02116,SAINT BARTHELEMY
7f314ceb-5e33-f111-88b4-6045bde02116,"SAINT HELENA, ASCENSION AND TRISTAN DA CUNHA"
80314ceb-5e33-f111-88b4-6045bde02116,SAINT KITTS AND NEVIS
95314ceb-5e33-f111-88b4-6045bde02116,SAINT LUCIA
bd8651e5-5e33-f111-88b4-6045bde02116,Saint Martin
81314ceb-5e33-f111-88b4-6045bde02116,SAINT PIERRE AND MIQUELON
96314ceb-5e33-f111-88b4-6045bde02116,SAINT VINCENT AND THE GRENADINES
82314ceb-5e33-f111-88b4-6045bde02116,SAMOA
83314ceb-5e33-f111-88b4-6045bde02116,SAN MARINO
84314ceb-5e33-f111-88b4-6045bde02116,SAO TOME AND PRINCIPE
85314ceb-5e33-f111-88b4-6045bde02116,SAUDI ARABIA
86314ceb-5e33-f111-88b4-6045bde02116,SENEGAL
87314ceb-5e33-f111-88b4-6045bde02116,SERBIA
88314ceb-5e33-f111-88b4-6045bde02116,SERVIEN - MONTENEGRO
89314ceb-5e33-f111-88b4-6045bde02116,SEYCHELLES
8a314ceb-5e33-f111-88b4-6045bde02116,SIERRA LEONE
8b314ceb-5e33-f111-88b4-6045bde02116,SINGAPORE
8c314ceb-5e33-f111-88b4-6045bde02116,SLOVAKIA
8d314ceb-5e33-f111-88b4-6045bde02116,SLOVENIA
8e314ceb-5e33-f111-88b4-6045bde02116,SOLOMON ISLANDS
8f314ceb-5e33-f111-88b4-6045bde02116,SOMALIA
90314ceb-5e33-f111-88b4-6045bde02116,SOUTH AFRICA
91314ceb-5e33-f111-88b4-6045bde02116,SOUTH GEORGIA AND THE SOUTH SANDWICH ISLANDS
93314ceb-5e33-f111-88b4-6045bde02116,SPAIN
94314ceb-5e33-f111-88b4-6045bde02116,SRI LANKA
97314ceb-5e33-f111-88b4-6045bde02116,SUDAN
98314ceb-5e33-f111-88b4-6045bde02116,SURINAME
99314ceb-5e33-f111-88b4-6045bde02116,SVALBARD AND JAN MAYEN
9a314ceb-5e33-f111-88b4-6045bde02116,SWAZILAND
9b314ceb-5e33-f111-88b4-6045bde02116,SWEDEN
9c314ceb-5e33-f111-88b4-6045bde02116,SWITZERLAND
9d314ceb-5e33-f111-88b4-6045bde02116,SYRIAN ARAB REPUBLIC
9e314ceb-5e33-f111-88b4-6045bde02116,"TAIWAN, PROVINCE OF CHINA"
9f314ceb-5e33-f111-88b4-6045bde02116,TAJIKISTAN
a0314ceb-5e33-f111-88b4-6045bde02116,"TANZANIA, UNITED REPUBLIC OF"
a1314ceb-5e33-f111-88b4-6045bde02116,THAILAND
688751e5-5e33-f111-88b4-6045bde02116,TIMOR-LESTE
a2314ceb-5e33-f111-88b4-6045bde02116,TOGO
a3314ceb-5e33-f111-88b4-6045bde02116,TOKELAU
a4314ceb-5e33-f111-88b4-6045bde02116,TONGA
a5314ceb-5e33-f111-88b4-6045bde02116,TRINIDAD AND TOBAGO
a6314ceb-5e33-f111-88b4-6045bde02116,TUNISIA
a7314ceb-5e33-f111-88b4-6045bde02116,TURKEY
a8314ceb-5e33-f111-88b4-6045bde02116,TURKMENISTAN
ab314ceb-5e33-f111-88b4-6045bde02116,TURKS AND CAICOS ISLANDS
ac314ceb-5e33-f111-88b4-6045bde02116,TUVALU
ad314ceb-5e33-f111-88b4-6045bde02116,UGANDA
ae314ceb-5e33-f111-88b4-6045bde02116,UKRAINE
af314ceb-5e33-f111-88b4-6045bde02116,UNITED ARAB EMIRATES
7f8751e5-5e33-f111-88b4-6045bde02116,UNITED KINGDOM
b0314ceb-5e33-f111-88b4-6045bde02116,UNITED STATES
b1314ceb-5e33-f111-88b4-6045bde02116,UNITED STATES MINOR OUTLYING ISLANDS
b2314ceb-5e33-f111-88b4-6045bde02116,URUGUAY
b3314ceb-5e33-f111-88b4-6045bde02116,UZBEKISTAN
b4314ceb-5e33-f111-88b4-6045bde02116,VANUATU
b6314ceb-5e33-f111-88b4-6045bde02116,"VENEZUELA, BOLIVARIAN REPUBLIC OF"
b9314ceb-5e33-f111-88b4-6045bde02116,Viet Nam
ba314ceb-5e33-f111-88b4-6045bde02116,"VIRGIN ISLANDS, BRITISH"
bb314ceb-5e33-f111-88b4-6045bde02116,"VIRGIN ISLANDS, U.S."
be314ceb-5e33-f111-88b4-6045bde02116,WALLIS AND FUTUNA
bf314ceb-5e33-f111-88b4-6045bde02116,WESTERN SAHARA
c2314ceb-5e33-f111-88b4-6045bde02116,YEMEN
c3314ceb-5e33-f111-88b4-6045bde02116,YUGOSLAVIA
c6314ceb-5e33-f111-88b4-6045bde02116,ZAMBIA
cc314ceb-5e33-f111-88b4-6045bde02116,ZIMBABWE
