State,stateid
Aargau,2d85ca54-5f33-f111-88b4-6045bde02116
Aberdeen,c9d9cf4e-5f33-f111-88b4-6045bde02116
Abruzzo,8ecec25a-5f33-f111-88b4-6045bde02116
AFGHANISTAN,05cdc25a-5f33-f111-88b4-6045bde02116
Aguascalientes,3015bb60-5f33-f111-88b4-6045bde02116
Akmola Region,a985ca54-5f33-f111-88b4-6045bde02116
Aktobe Region,aa85ca54-5f33-f111-88b4-6045bde02116
Alabama,d0d9cf4e-5f33-f111-88b4-6045bde02116
Aland Islands,11cdc25a-5f33-f111-88b4-6045bde02116
Alaska,cdd9cf4e-5f33-f111-88b4-6045bde02116
ALBANIA,08cdc25a-5f33-f111-88b4-6045bde02116
Alberta,c8d9cf4e-5f33-f111-88b4-6045bde02116
ALGERIA,59cdc25a-5f33-f111-88b4-6045bde02116
Almaty,b885ca54-5f33-f111-88b4-6045bde02116
Almaty region,ab85ca54-5f33-f111-88b4-6045bde02116
Alsace,ced9cf4e-5f33-f111-88b4-6045bde02116
Amazonas,5c85ca54-5f33-f111-88b4-6045bde02116
AMERICAN SAMOA,0ecdc25a-5f33-f111-88b4-6045bde02116
American Samoa,e0d9cf4e-5f33-f111-88b4-6045bde02116
Andalucia,d2d9cf4e-5f33-f111-88b4-6045bde02116
Andaman & Nicobar Islands,d1d9cf4e-5f33-f111-88b4-6045bde02116
Andhra Pradesh,d5d9cf4e-5f33-f111-88b4-6045bde02116
Andijan Region,c1ccc25a-5f33-f111-88b4-6045bde02116
ANDORRA,03cdc25a-5f33-f111-88b4-6045bde02116
ANGOLA,0bcdc25a-5f33-f111-88b4-6045bde02116
ANGUILLA,07cdc25a-5f33-f111-88b4-6045bde02116
ANGUS,bbcdc25a-5f33-f111-88b4-6045bde02116
Anhui,3885ca54-5f33-f111-88b4-6045bde02116
ANTARCTICA,0ccdc25a-5f33-f111-88b4-6045bde02116
ANTIGUA AND BARBUDA,06cdc25a-5f33-f111-88b4-6045bde02116
Antioquia,5d85ca54-5f33-f111-88b4-6045bde02116
ANTRIM,9fcdc25a-5f33-f111-88b4-6045bde02116
Appenzell Ausserrhoden,2785ca54-5f33-f111-88b4-6045bde02116
Appenzell Innerrhoden,2985ca54-5f33-f111-88b4-6045bde02116
Apulia,f2ccc25a-5f33-f111-88b4-6045bde02116
Aquitaine,d8d9cf4e-5f33-f111-88b4-6045bde02116
Aragon,ded9cf4e-5f33-f111-88b4-6045bde02116
Arauca,5e85ca54-5f33-f111-88b4-6045bde02116
ARGENTINA,0dcdc25a-5f33-f111-88b4-6045bde02116
ARGYLL & BUTE,89cdc25a-5f33-f111-88b4-6045bde02116
Arizona,e5d9cf4e-5f33-f111-88b4-6045bde02116
Arkansas,dbd9cf4e-5f33-f111-88b4-6045bde02116
ARMAGH,86cdc25a-5f33-f111-88b4-6045bde02116
Armed Forces,d7d9cf4e-5f33-f111-88b4-6045bde02116
Armed Forces,cbd9cf4e-5f33-f111-88b4-6045bde02116
Armed Forces,c7d9cf4e-5f33-f111-88b4-6045bde02116
ARMENIA,09cdc25a-5f33-f111-88b4-6045bde02116
ARUBA,10cdc25a-5f33-f111-88b4-6045bde02116
Arunachal Pradesh,d9d9cf4e-5f33-f111-88b4-6045bde02116
Assam,dfd9cf4e-5f33-f111-88b4-6045bde02116
Atlantico,5f85ca54-5f33-f111-88b4-6045bde02116
Atyrau Region,ac85ca54-5f33-f111-88b4-6045bde02116
AUSTRALIA,e2d9cf4e-5f33-f111-88b4-6045bde02116
AUSTRALIAN CAPITAL TERRITORY,cad9cf4e-5f33-f111-88b4-6045bde02116
AUSTRIA,0fcdc25a-5f33-f111-88b4-6045bde02116
Auvergne,e3d9cf4e-5f33-f111-88b4-6045bde02116
"AYRSHIRE, SCOTLAND",e4d9cf4e-5f33-f111-88b4-6045bde02116
AZERBAIJAN,12cdc25a-5f33-f111-88b4-6045bde02116
Baden-Württemberg,50cdc25a-5f33-f111-88b4-6045bde02116
BAHAMAS,24cdc25a-5f33-f111-88b4-6045bde02116
BAHRAIN,1ccdc25a-5f33-f111-88b4-6045bde02116
Baja California Norte,ebd9cf4e-5f33-f111-88b4-6045bde02116
Baja California Norte,2b15bb60-5f33-f111-88b4-6045bde02116
Baja California Sur,ecd9cf4e-5f33-f111-88b4-6045bde02116
BANFFSHIRE,87cdc25a-5f33-f111-88b4-6045bde02116
BANGLADESH,16cdc25a-5f33-f111-88b4-6045bde02116
BARBADOS,15cdc25a-5f33-f111-88b4-6045bde02116
Basel-Landschaft,2585ca54-5f33-f111-88b4-6045bde02116
Basel-Stadt,2485ca54-5f33-f111-88b4-6045bde02116
Basilicata,9acec25a-5f33-f111-88b4-6045bde02116
Basse-Normandie (Lower Normandy),f1d9cf4e-5f33-f111-88b4-6045bde02116
Bath,e8d9cf4e-5f33-f111-88b4-6045bde02116
Bavaria,48cdc25a-5f33-f111-88b4-6045bde02116
Baykonyr,bdccc25a-5f33-f111-88b4-6045bde02116
BEDFORDSHIRE,eed9cf4e-5f33-f111-88b4-6045bde02116
Beijing,4285ca54-5f33-f111-88b4-6045bde02116
BELARUS,28cdc25a-5f33-f111-88b4-6045bde02116
Belfast,fad9cf4e-5f33-f111-88b4-6045bde02116
BELIZE,29cdc25a-5f33-f111-88b4-6045bde02116
BENIN,1ecdc25a-5f33-f111-88b4-6045bde02116
Berkshire,f7d9cf4e-5f33-f111-88b4-6045bde02116
Berlin,4bcdc25a-5f33-f111-88b4-6045bde02116
BERMUDA,20cdc25a-5f33-f111-88b4-6045bde02116
Bern,1985ca54-5f33-f111-88b4-6045bde02116
BERWICKSHIRE,4acec25a-5f33-f111-88b4-6045bde02116
Berwickshire,d4cdc25a-5f33-f111-88b4-6045bde02116
BHUTAN,25cdc25a-5f33-f111-88b4-6045bde02116
Bihar,f6d9cf4e-5f33-f111-88b4-6045bde02116
Birmingham,e7d9cf4e-5f33-f111-88b4-6045bde02116
Blackburn,e9d9cf4e-5f33-f111-88b4-6045bde02116
Blackpool[1],4bdacf4e-5f33-f111-88b4-6045bde02116
BLAENAU GWENT,0ccec25a-5f33-f111-88b4-6045bde02116
Blaenau Gwent,adcdc25a-5f33-f111-88b4-6045bde02116
Bogota,6a85ca54-5f33-f111-88b4-6045bde02116
Bolivar,6085ca54-5f33-f111-88b4-6045bde02116
"BOLIVIA, PLURINATIONAL STATE OF",22cdc25a-5f33-f111-88b4-6045bde02116
Bolton,f0d9cf4e-5f33-f111-88b4-6045bde02116
BORDERS,ddcdc25a-5f33-f111-88b4-6045bde02116
BOSNIA AND HERZEGOVINA,14cdc25a-5f33-f111-88b4-6045bde02116
BOTSWANA,27cdc25a-5f33-f111-88b4-6045bde02116
Bourgogne (Burgundy),f3d9cf4e-5f33-f111-88b4-6045bde02116
Bournemouth,efd9cf4e-5f33-f111-88b4-6045bde02116
BOUVET ISLAND,26cdc25a-5f33-f111-88b4-6045bde02116
Boyaca,6185ca54-5f33-f111-88b4-6045bde02116
Bradford,edd9cf4e-5f33-f111-88b4-6045bde02116
Brandenburg,46cdc25a-5f33-f111-88b4-6045bde02116
BRAZIL,23cdc25a-5f33-f111-88b4-6045bde02116
Bremen,43cdc25a-5f33-f111-88b4-6045bde02116
Brest Region,a285ca54-5f33-f111-88b4-6045bde02116
Bretagne (Brittany),f4d9cf4e-5f33-f111-88b4-6045bde02116
BRIDGEND,f9cdc25a-5f33-f111-88b4-6045bde02116
Brighton,f2d9cf4e-5f33-f111-88b4-6045bde02116
Bristol,f9d9cf4e-5f33-f111-88b4-6045bde02116
British Columbia,ead9cf4e-5f33-f111-88b4-6045bde02116
BRITISH INDIAN OCEAN TERRITORY,88cec25a-5f33-f111-88b4-6045bde02116
Bromley,f5d9cf4e-5f33-f111-88b4-6045bde02116
BRUNEI DARUSSALAM,21cdc25a-5f33-f111-88b4-6045bde02116
BUCKINGHAMSHIRE,71cdc25a-5f33-f111-88b4-6045bde02116
Bukhara Region,c5ccc25a-5f33-f111-88b4-6045bde02116
BULGARIA,1bcdc25a-5f33-f111-88b4-6045bde02116
BURKINA FASO,18cdc25a-5f33-f111-88b4-6045bde02116
BURUNDI,1dcdc25a-5f33-f111-88b4-6045bde02116
CAERPHILLY,46cec25a-5f33-f111-88b4-6045bde02116
CAITHNESS,b6cdc25a-5f33-f111-88b4-6045bde02116
Calabria,9bcec25a-5f33-f111-88b4-6045bde02116
Caldas,6285ca54-5f33-f111-88b4-6045bde02116
California,fed9cf4e-5f33-f111-88b4-6045bde02116
CAMBERLEY,02dacf4e-5f33-f111-88b4-6045bde02116
CAMBERLEY,84cdc25a-5f33-f111-88b4-6045bde02116
CAMBODIA,afcec25a-5f33-f111-88b4-6045bde02116
Cambridge,07dacf4e-5f33-f111-88b4-6045bde02116
CAMEROON,33cdc25a-5f33-f111-88b4-6045bde02116
Campania,90cec25a-5f33-f111-88b4-6045bde02116
Campeche,01dacf4e-5f33-f111-88b4-6045bde02116
Campeche,4115bb60-5f33-f111-88b4-6045bde02116
Cantabria,03dacf4e-5f33-f111-88b4-6045bde02116
Canterbury,21dacf4e-5f33-f111-88b4-6045bde02116
CAPE VERDE,3ecdc25a-5f33-f111-88b4-6045bde02116
Caqueta,6385ca54-5f33-f111-88b4-6045bde02116
Cardiff,0adacf4e-5f33-f111-88b4-6045bde02116
Carlisle,fdd9cf4e-5f33-f111-88b4-6045bde02116
CARLOW,7fcec25a-5f33-f111-88b4-6045bde02116
CARMARTHENSHIRE,a9cdc25a-5f33-f111-88b4-6045bde02116
Casanare,6485ca54-5f33-f111-88b4-6045bde02116
Castilla La Mancha,00dacf4e-5f33-f111-88b4-6045bde02116
Castilla y Leon,ffd9cf4e-5f33-f111-88b4-6045bde02116
Cataluna,04dacf4e-5f33-f111-88b4-6045bde02116
Cauca,6585ca54-5f33-f111-88b4-6045bde02116
CAVAN,63cec25a-5f33-f111-88b4-6045bde02116
CAYMAN ISLANDS,bbcec25a-5f33-f111-88b4-6045bde02116
CENTRAL AFRICAN REPUBLIC,2dcdc25a-5f33-f111-88b4-6045bde02116
Central Federal District,7d85ca54-5f33-f111-88b4-6045bde02116
Centre,08dacf4e-5f33-f111-88b4-6045bde02116
CEREDIGION,f4cdc25a-5f33-f111-88b4-6045bde02116
Cesar,6685ca54-5f33-f111-88b4-6045bde02116
Ceuta,09dacf4e-5f33-f111-88b4-6045bde02116
CHAD,8e15bb60-5f33-f111-88b4-6045bde02116
Champagne-Ardenne,fbd9cf4e-5f33-f111-88b4-6045bde02116
Chandigarth,0fdacf4e-5f33-f111-88b4-6045bde02116
Chelmsford,15dacf4e-5f33-f111-88b4-6045bde02116
Cherkasy Region,8685ca54-5f33-f111-88b4-6045bde02116
Chernihiv Region,8785ca54-5f33-f111-88b4-6045bde02116
Chernivtsi Region,8885ca54-5f33-f111-88b4-6045bde02116
CHESHIRE,0edacf4e-5f33-f111-88b4-6045bde02116
Chhattisgarh,0cdacf4e-5f33-f111-88b4-6045bde02116
Chiapas,1c15bb60-5f33-f111-88b4-6045bde02116
Chiapas,11dacf4e-5f33-f111-88b4-6045bde02116
Chihuahua,2915bb60-5f33-f111-88b4-6045bde02116
Chihuahua,10dacf4e-5f33-f111-88b4-6045bde02116
CHILE,32cdc25a-5f33-f111-88b4-6045bde02116
CHINA,39cdc25a-5f33-f111-88b4-6045bde02116
Choco,6785ca54-5f33-f111-88b4-6045bde02116
Chongqing,5785ca54-5f33-f111-88b4-6045bde02116
CHRISTMAS ISLAND,3fcdc25a-5f33-f111-88b4-6045bde02116
CLACKMANNANSHIRE,b0cdc25a-5f33-f111-88b4-6045bde02116
CLARE,7ccec25a-5f33-f111-88b4-6045bde02116
CLEVELAND,92cdc25a-5f33-f111-88b4-6045bde02116
Cleveland[1],eb84ca54-5f33-f111-88b4-6045bde02116
CLWYD,12dacf4e-5f33-f111-88b4-6045bde02116
Co Dublin,1bdacf4e-5f33-f111-88b4-6045bde02116
Coahuila,3c15bb60-5f33-f111-88b4-6045bde02116
Coahuila de Zaragoza,2e15bb60-5f33-f111-88b4-6045bde02116
Coahuila de Zaragoza,1edacf4e-5f33-f111-88b4-6045bde02116
COCOS (KEELING) ISLANDS,2bcdc25a-5f33-f111-88b4-6045bde02116
Colchester,19dacf4e-5f33-f111-88b4-6045bde02116
Colima,1fdacf4e-5f33-f111-88b4-6045bde02116
COLOMBIA,17dacf4e-5f33-f111-88b4-6045bde02116
Colorado,1adacf4e-5f33-f111-88b4-6045bde02116
COMOROS,b2cec25a-5f33-f111-88b4-6045bde02116
Comunidad de Madrid,16dacf4e-5f33-f111-88b4-6045bde02116
Comunidad Foral de Navarra,0bdacf4e-5f33-f111-88b4-6045bde02116
Comunidad Valenciana,24dacf4e-5f33-f111-88b4-6045bde02116
CONGO,2ecdc25a-5f33-f111-88b4-6045bde02116
Connecticut,22dacf4e-5f33-f111-88b4-6045bde02116
CONWAY,a5cdc25a-5f33-f111-88b4-6045bde02116
COOK ISLANDS,30cdc25a-5f33-f111-88b4-6045bde02116
Cordoba,6885ca54-5f33-f111-88b4-6045bde02116
CORK,73cec25a-5f33-f111-88b4-6045bde02116
CORNWALL,9ccdc25a-5f33-f111-88b4-6045bde02116
Corse (Corsica),18dacf4e-5f33-f111-88b4-6045bde02116
COSTA RICA,3ccdc25a-5f33-f111-88b4-6045bde02116
CÔTE D'IVOIRE,2fcdc25a-5f33-f111-88b4-6045bde02116
County Cavan,05dacf4e-5f33-f111-88b4-6045bde02116
County Clare,40dacf4e-5f33-f111-88b4-6045bde02116
County Durham,b7cdc25a-5f33-f111-88b4-6045bde02116
COUNTY DURHAM,6dcdc25a-5f33-f111-88b4-6045bde02116
COUNTY LOUTH,1cdacf4e-5f33-f111-88b4-6045bde02116
COUNTY TYRONE,11cec25a-5f33-f111-88b4-6045bde02116
COUNTY WESTMEATH,1ddacf4e-5f33-f111-88b4-6045bde02116
Coventry,23dacf4e-5f33-f111-88b4-6045bde02116
Crewe,25dacf4e-5f33-f111-88b4-6045bde02116
CROATIA,5ccec25a-5f33-f111-88b4-6045bde02116
Croydon,20dacf4e-5f33-f111-88b4-6045bde02116
CUBA,3dcdc25a-5f33-f111-88b4-6045bde02116
CUMBRIA,9dcdc25a-5f33-f111-88b4-6045bde02116
Cundinamarca,6985ca54-5f33-f111-88b4-6045bde02116
CYPRUS,40cdc25a-5f33-f111-88b4-6045bde02116
CZECH REPUBLIC,26dacf4e-5f33-f111-88b4-6045bde02116
Dadra  and Nagar Haveli,86cec25a-5f33-f111-88b4-6045bde02116
Daman and Diu,2adacf4e-5f33-f111-88b4-6045bde02116
Darlington,35dacf4e-5f33-f111-88b4-6045bde02116
Dartford,27dacf4e-5f33-f111-88b4-6045bde02116
default Value,17cdc25a-5f33-f111-88b4-6045bde02116
DEfault Value,8d15bb60-5f33-f111-88b4-6045bde02116
DEfault Value,8a15bb60-5f33-f111-88b4-6045bde02116
DEfault Value,7015bb60-5f33-f111-88b4-6045bde02116
DEfault Value,5f15bb60-5f33-f111-88b4-6045bde02116
DEfault Value,5e15bb60-5f33-f111-88b4-6045bde02116
Delaware,2edacf4e-5f33-f111-88b4-6045bde02116
Delhi,36dacf4e-5f33-f111-88b4-6045bde02116
DENBIGHSHIRE,aacdc25a-5f33-f111-88b4-6045bde02116
DENMARK,56cdc25a-5f33-f111-88b4-6045bde02116
Derbyshire,2ddacf4e-5f33-f111-88b4-6045bde02116
DEVON,3adacf4e-5f33-f111-88b4-6045bde02116
DEWSBURY,3bdacf4e-5f33-f111-88b4-6045bde02116
District of Columbia,28dacf4e-5f33-f111-88b4-6045bde02116
Distrito Federal,2015bb60-5f33-f111-88b4-6045bde02116
Distrito Federal,34dacf4e-5f33-f111-88b4-6045bde02116
DJIBOUTI,54cdc25a-5f33-f111-88b4-6045bde02116
Dnipropetrovsk Region,a315bb60-5f33-f111-88b4-6045bde02116
Dnipropetrovsk Region,8985ca54-5f33-f111-88b4-6045bde02116
Do Not Use - Use AGS Aguascalientes,ccd9cf4e-5f33-f111-88b4-6045bde02116
Dolno?l?skie,b4d9cf4e-5f33-f111-88b4-6045bde02116
DOMINICA,57cdc25a-5f33-f111-88b4-6045bde02116
DOMINICAN REPUBLIC,58cdc25a-5f33-f111-88b4-6045bde02116
Doncaster,37dacf4e-5f33-f111-88b4-6045bde02116
DONEGAL,7bcec25a-5f33-f111-88b4-6045bde02116
Donetsk Region,8b85ca54-5f33-f111-88b4-6045bde02116
Dorchester,38dacf4e-5f33-f111-88b4-6045bde02116
DORSET,95cdc25a-5f33-f111-88b4-6045bde02116
DOWN,7bcdc25a-5f33-f111-88b4-6045bde02116
DUBLIN,64cec25a-5f33-f111-88b4-6045bde02116
Dudley,3cdacf4e-5f33-f111-88b4-6045bde02116
Dumfries[1],2fdacf4e-5f33-f111-88b4-6045bde02116
DUN LAOGHAIRE - RATHDOWN,7dcec25a-5f33-f111-88b4-6045bde02116
DUNBARTONSHIRE,37cec25a-5f33-f111-88b4-6045bde02116
Dundee,29dacf4e-5f33-f111-88b4-6045bde02116
Durango,2815bb60-5f33-f111-88b4-6045bde02116
Durango,39dacf4e-5f33-f111-88b4-6045bde02116
Durham,33dacf4e-5f33-f111-88b4-6045bde02116
EAST AYESHIRE,bacdc25a-5f33-f111-88b4-6045bde02116
East Kazakhstan Region,ad85ca54-5f33-f111-88b4-6045bde02116
EAST LOTHIAN,42cec25a-5f33-f111-88b4-6045bde02116
EAST RENFREWSHIRE,bccdc25a-5f33-f111-88b4-6045bde02116
EAST SUSSEX,6bcdc25a-5f33-f111-88b4-6045bde02116
EAT DUNBARTONSHIRE,94cdc25a-5f33-f111-88b4-6045bde02116
ECUADOR,5acdc25a-5f33-f111-88b4-6045bde02116
Edinburgh,3fdacf4e-5f33-f111-88b4-6045bde02116
EGYPT,5dcdc25a-5f33-f111-88b4-6045bde02116
EL SALVADOR,8915bb60-5f33-f111-88b4-6045bde02116
Emilia-Rom,93cec25a-5f33-f111-88b4-6045bde02116
Enfield,41dacf4e-5f33-f111-88b4-6045bde02116
EQUATORIAL GUINEA,53cec25a-5f33-f111-88b4-6045bde02116
ERITREA,5fcdc25a-5f33-f111-88b4-6045bde02116
ESSEX,42dacf4e-5f33-f111-88b4-6045bde02116
ESTONIA,5ccdc25a-5f33-f111-88b4-6045bde02116
ETHIOPIA,61cdc25a-5f33-f111-88b4-6045bde02116
Exeter,43dacf4e-5f33-f111-88b4-6045bde02116
Extremadura,44dacf4e-5f33-f111-88b4-6045bde02116
Falkirk,47dacf4e-5f33-f111-88b4-6045bde02116
FALKLAND ISLANDS (MALVINAS),64cdc25a-5f33-f111-88b4-6045bde02116
Far Eastern Federal District,8585ca54-5f33-f111-88b4-6045bde02116
FAROE ISLANDS,66cdc25a-5f33-f111-88b4-6045bde02116
Federated States of Micronesia,49dacf4e-5f33-f111-88b4-6045bde02116
Fergana Region,c9ccc25a-5f33-f111-88b4-6045bde02116
FERMANAGH,73cdc25a-5f33-f111-88b4-6045bde02116
FIFE,86dacf4e-5f33-f111-88b4-6045bde02116
FIJI,63cdc25a-5f33-f111-88b4-6045bde02116
FINGAL,68cec25a-5f33-f111-88b4-6045bde02116
FINLAND,62cdc25a-5f33-f111-88b4-6045bde02116
FLINTSHIRE,7ecdc25a-5f33-f111-88b4-6045bde02116
Florida,48dacf4e-5f33-f111-88b4-6045bde02116
FRANCE,4adacf4e-5f33-f111-88b4-6045bde02116
FRANCE METROPOLITAN,67cdc25a-5f33-f111-88b4-6045bde02116
Franche-Comte,46dacf4e-5f33-f111-88b4-6045bde02116
French Guiana,5bdacf4e-5f33-f111-88b4-6045bde02116
French Guiana,5adacf4e-5f33-f111-88b4-6045bde02116
FRENCH GUIANA,f7ccc25a-5f33-f111-88b4-6045bde02116
French Polynesia,a684ca54-5f33-f111-88b4-6045bde02116
FRENCH POLYNESIA,5c15bb60-5f33-f111-88b4-6045bde02116
FRENCH SOUTHERN TERRITORIES,9015bb60-5f33-f111-88b4-6045bde02116
Fribourg,2185ca54-5f33-f111-88b4-6045bde02116
Friuli-Ven,8dcec25a-5f33-f111-88b4-6045bde02116
Fujian,4385ca54-5f33-f111-88b4-6045bde02116
GABON,68cdc25a-5f33-f111-88b4-6045bde02116
Galashiels[1],de84ca54-5f33-f111-88b4-6045bde02116
Galicia,4fdacf4e-5f33-f111-88b4-6045bde02116
GALWAY,60cec25a-5f33-f111-88b4-6045bde02116
GAMBIA,51cec25a-5f33-f111-88b4-6045bde02116
Gansu,4485ca54-5f33-f111-88b4-6045bde02116
Geneva,3485ca54-5f33-f111-88b4-6045bde02116
GEORGIA,4ccec25a-5f33-f111-88b4-6045bde02116
Georgia,4edacf4e-5f33-f111-88b4-6045bde02116
GERMANY,2cdacf4e-5f33-f111-88b4-6045bde02116
GHANA,4ecec25a-5f33-f111-88b4-6045bde02116
GIBRALTAR,4fcec25a-5f33-f111-88b4-6045bde02116
GLAMORGAN,54dacf4e-5f33-f111-88b4-6045bde02116
Glarus,1f85ca54-5f33-f111-88b4-6045bde02116
Glasgow,4cdacf4e-5f33-f111-88b4-6045bde02116
Gloucester,53dacf4e-5f33-f111-88b4-6045bde02116
Goa,4ddacf4e-5f33-f111-88b4-6045bde02116
Gomel Region,a485ca54-5f33-f111-88b4-6045bde02116
Graubunden,2b85ca54-5f33-f111-88b4-6045bde02116
GREATER LONDON,b2cdc25a-5f33-f111-88b4-6045bde02116
GREATER MANCHESTER,9ecdc25a-5f33-f111-88b4-6045bde02116
GREECE,55cec25a-5f33-f111-88b4-6045bde02116
GREENLAND,50cec25a-5f33-f111-88b4-6045bde02116
GRENADA,4bcec25a-5f33-f111-88b4-6045bde02116
GUADELOUPE,58dacf4e-5f33-f111-88b4-6045bde02116
GUADELOUPE,f6ccc25a-5f33-f111-88b4-6045bde02116
Guainia,6b85ca54-5f33-f111-88b4-6045bde02116
GUAM,58cec25a-5f33-f111-88b4-6045bde02116
Guam,57dacf4e-5f33-f111-88b4-6045bde02116
Guanajuato,3f15bb60-5f33-f111-88b4-6045bde02116
Guanajuato,59dacf4e-5f33-f111-88b4-6045bde02116
Guangdong,4585ca54-5f33-f111-88b4-6045bde02116
Guangxi,4685ca54-5f33-f111-88b4-6045bde02116
GUATEMALA,57cec25a-5f33-f111-88b4-6045bde02116
Guaviare,6c85ca54-5f33-f111-88b4-6045bde02116
GUERNSEY,4dcec25a-5f33-f111-88b4-6045bde02116
Guernsey,5cdacf4e-5f33-f111-88b4-6045bde02116
Guerrero,55dacf4e-5f33-f111-88b4-6045bde02116
Guildford,56dacf4e-5f33-f111-88b4-6045bde02116
GUINEA,52cec25a-5f33-f111-88b4-6045bde02116
GUINEA-BISSAU,59cec25a-5f33-f111-88b4-6045bde02116
Guizhou,4785ca54-5f33-f111-88b4-6045bde02116
Gujarat State,52dacf4e-5f33-f111-88b4-6045bde02116
GUYANA,f8ccc25a-5f33-f111-88b4-6045bde02116
GWYNNEDD,8bcdc25a-5f33-f111-88b4-6045bde02116
Hainan,4885ca54-5f33-f111-88b4-6045bde02116
HAITI,5dcec25a-5f33-f111-88b4-6045bde02116
Halifax,6ddacf4e-5f33-f111-88b4-6045bde02116
Hamburg,45cdc25a-5f33-f111-88b4-6045bde02116
HAMPSHIRE,6bdacf4e-5f33-f111-88b4-6045bde02116
Harrogate,5fdacf4e-5f33-f111-88b4-6045bde02116
Harrow,5ddacf4e-5f33-f111-88b4-6045bde02116
Haryana,69dacf4e-5f33-f111-88b4-6045bde02116
Haute-Normandie (Upper Normandy),64dacf4e-5f33-f111-88b4-6045bde02116
Hawaii,60dacf4e-5f33-f111-88b4-6045bde02116
HEARD ISLAND AND MCDONALD ISLANDS,5acec25a-5f33-f111-88b4-6045bde02116
Hebei,3985ca54-5f33-f111-88b4-6045bde02116
Heilongjiang,4985ca54-5f33-f111-88b4-6045bde02116
HEMEL HEMPSTEAD,65dacf4e-5f33-f111-88b4-6045bde02116
Henan,3a85ca54-5f33-f111-88b4-6045bde02116
Hereford,68dacf4e-5f33-f111-88b4-6045bde02116
HEREFORDSHIRE,8ecdc25a-5f33-f111-88b4-6045bde02116
Hesse,49cdc25a-5f33-f111-88b4-6045bde02116
Hidalgo,3615bb60-5f33-f111-88b4-6045bde02116
Hidalgo,62dacf4e-5f33-f111-88b4-6045bde02116
HIGHLAND,7ccdc25a-5f33-f111-88b4-6045bde02116
Himachal Pradesh,66dacf4e-5f33-f111-88b4-6045bde02116
HOLY SEE (VATICAN CITY STATE),aa15bb60-5f33-f111-88b4-6045bde02116
HONDURAS,5bcec25a-5f33-f111-88b4-6045bde02116
HONG KONG,63dacf4e-5f33-f111-88b4-6045bde02116
Hong Kong,5985ca54-5f33-f111-88b4-6045bde02116
Hrodna Region,a585ca54-5f33-f111-88b4-6045bde02116
Hubei,35cdc25a-5f33-f111-88b4-6045bde02116
Hubei,4a85ca54-5f33-f111-88b4-6045bde02116
Huddersfield,5edacf4e-5f33-f111-88b4-6045bde02116
Huila,6d85ca54-5f33-f111-88b4-6045bde02116
Hull,6cdacf4e-5f33-f111-88b4-6045bde02116
Hunan,4b85ca54-5f33-f111-88b4-6045bde02116
HUNGARY,5ecec25a-5f33-f111-88b4-6045bde02116
ICELAND,8bcec25a-5f33-f111-88b4-6045bde02116
Idaho,6fdacf4e-5f33-f111-88b4-6045bde02116
Ile-de-France,70dacf4e-5f33-f111-88b4-6045bde02116
Ilford[1],71dacf4e-5f33-f111-88b4-6045bde02116
Illinois,72dacf4e-5f33-f111-88b4-6045bde02116
INDIA,85cec25a-5f33-f111-88b4-6045bde02116
Indiana,74dacf4e-5f33-f111-88b4-6045bde02116
INDONESIA,5fcec25a-5f33-f111-88b4-6045bde02116
INVERCLYDE,b8cdc25a-5f33-f111-88b4-6045bde02116
Inverness,79dacf4e-5f33-f111-88b4-6045bde02116
INVERNESS-SHIRE,abcdc25a-5f33-f111-88b4-6045bde02116
Iowa,6edacf4e-5f33-f111-88b4-6045bde02116
Ipswich,75dacf4e-5f33-f111-88b4-6045bde02116
"IRAN, ISLAMIC REPUBLIC OF",8acec25a-5f33-f111-88b4-6045bde02116
IRAQ,89cec25a-5f33-f111-88b4-6045bde02116
IRE,4185ca54-5f33-f111-88b4-6045bde02116
IRE,4085ca54-5f33-f111-88b4-6045bde02116
IRELAND,62cec25a-5f33-f111-88b4-6045bde02116
Islas Baleares,76dacf4e-5f33-f111-88b4-6045bde02116
Islas Canarias,77dacf4e-5f33-f111-88b4-6045bde02116
Isle of Anglesey,a7cdc25a-5f33-f111-88b4-6045bde02116
ISLE OF MAN,83cec25a-5f33-f111-88b4-6045bde02116
Isle of Man,73dacf4e-5f33-f111-88b4-6045bde02116
Isle of Wight,6fcdc25a-5f33-f111-88b4-6045bde02116
Isles of Scilly,81cdc25a-5f33-f111-88b4-6045bde02116
ISRAEL,82cec25a-5f33-f111-88b4-6045bde02116
ITALY,78dacf4e-5f33-f111-88b4-6045bde02116
Ivano-Frankivsk Region,8d85ca54-5f33-f111-88b4-6045bde02116
Jalisco,7adacf4e-5f33-f111-88b4-6045bde02116
JAMAICA,a3cec25a-5f33-f111-88b4-6045bde02116
Jambyl Region,ae85ca54-5f33-f111-88b4-6045bde02116
Jammu & Kashmir,7edacf4e-5f33-f111-88b4-6045bde02116
JAPAN,a7cec25a-5f33-f111-88b4-6045bde02116
JERSEY,a2cec25a-5f33-f111-88b4-6045bde02116
Jersey,7bdacf4e-5f33-f111-88b4-6045bde02116
Jharkhand,7cdacf4e-5f33-f111-88b4-6045bde02116
Jiangsu,7ddacf4e-5f33-f111-88b4-6045bde02116
Jiangsu,36cdc25a-5f33-f111-88b4-6045bde02116
Jiangxi,4d85ca54-5f33-f111-88b4-6045bde02116
Jilin,4c85ca54-5f33-f111-88b4-6045bde02116
Jizzakh Region,cdccc25a-5f33-f111-88b4-6045bde02116
JORDAN,a6cec25a-5f33-f111-88b4-6045bde02116
Jura,3585ca54-5f33-f111-88b4-6045bde02116
Kansas,83dacf4e-5f33-f111-88b4-6045bde02116
Karagandy Region,b085ca54-5f33-f111-88b4-6045bde02116
Karnataka,80dacf4e-5f33-f111-88b4-6045bde02116
Kashkadarya Region,d1ccc25a-5f33-f111-88b4-6045bde02116
KAZAKHSTAN,bccec25a-5f33-f111-88b4-6045bde02116
KENT,afcdc25a-5f33-f111-88b4-6045bde02116
Kentucky,87dacf4e-5f33-f111-88b4-6045bde02116
KENYA,abcec25a-5f33-f111-88b4-6045bde02116
Kerala,81dacf4e-5f33-f111-88b4-6045bde02116
KERRY,81cec25a-5f33-f111-88b4-6045bde02116
Kharkiv Region,8e85ca54-5f33-f111-88b4-6045bde02116
Kherson Region,8f85ca54-5f33-f111-88b4-6045bde02116
Khmelnytskyi Region,9085ca54-5f33-f111-88b4-6045bde02116
Khorezm Region,d3ccc25a-5f33-f111-88b4-6045bde02116
Kiev Region,9285ca54-5f33-f111-88b4-6045bde02116
KILDARE,67cec25a-5f33-f111-88b4-6045bde02116
KILKENNY,78cec25a-5f33-f111-88b4-6045bde02116
Kilmarnock,7fdacf4e-5f33-f111-88b4-6045bde02116
KINCARDINESHIRE,a6cdc25a-5f33-f111-88b4-6045bde02116
Kingston upon Thames,84dacf4e-5f33-f111-88b4-6045bde02116
KIRIBATI,b1cec25a-5f33-f111-88b4-6045bde02116
Kirkwall,85dacf4e-5f33-f111-88b4-6045bde02116
Kirovohrad Region,9385ca54-5f33-f111-88b4-6045bde02116
KNOTTINGLEY,82dacf4e-5f33-f111-88b4-6045bde02116
"KOREA, DEMOCRATIC PEOPLE'S REPUBLIC OF",b7cec25a-5f33-f111-88b4-6045bde02116
"KOREA, REPUBLIC OF",b8cec25a-5f33-f111-88b4-6045bde02116
Kostanay Region,b185ca54-5f33-f111-88b4-6045bde02116
Kujawsko-Pomorskie,bcd9cf4e-5f33-f111-88b4-6045bde02116
KUWAIT,bacec25a-5f33-f111-88b4-6045bde02116
KYRGYZSTAN,adcec25a-5f33-f111-88b4-6045bde02116
Kyzylorda Region,b285ca54-5f33-f111-88b4-6045bde02116
La Rioja,94dacf4e-5f33-f111-88b4-6045bde02116
Lakshadweep,8cdacf4e-5f33-f111-88b4-6045bde02116
LANARKSHIRE,27cec25a-5f33-f111-88b4-6045bde02116
LANCASHIRE,82cdc25a-5f33-f111-88b4-6045bde02116
Lancaster,89dacf4e-5f33-f111-88b4-6045bde02116
Languedoc-Roussillon,93dacf4e-5f33-f111-88b4-6045bde02116
LAO PEOPLE'S DEMOCRATIC REPUBLIC,f4ccc25a-5f33-f111-88b4-6045bde02116
LAOIS,61cec25a-5f33-f111-88b4-6045bde02116
LATVIA,0315bb60-5f33-f111-88b4-6045bde02116
Lazio,92cec25a-5f33-f111-88b4-6045bde02116
LEBANON,bdcec25a-5f33-f111-88b4-6045bde02116
Leeds,95dacf4e-5f33-f111-88b4-6045bde02116
Leicestershire,69cdc25a-5f33-f111-88b4-6045bde02116
LEICESTERSHIRE,8ddacf4e-5f33-f111-88b4-6045bde02116
LEITRIM,71cec25a-5f33-f111-88b4-6045bde02116
Lerwick[1],1685ca54-5f33-f111-88b4-6045bde02116
LESOTHO,ff14bb60-5f33-f111-88b4-6045bde02116
Liaoning,34cdc25a-5f33-f111-88b4-6045bde02116
Liaoning,3b85ca54-5f33-f111-88b4-6045bde02116
LIBERIA,fe14bb60-5f33-f111-88b4-6045bde02116
LIBYAN ARAB JAMAHIRIYA,0415bb60-5f33-f111-88b4-6045bde02116
LIECHTENSTEIN,fc14bb60-5f33-f111-88b4-6045bde02116
Ligunia,a1cec25a-5f33-f111-88b4-6045bde02116
LIMERICK,6ccec25a-5f33-f111-88b4-6045bde02116
Limousin,8edacf4e-5f33-f111-88b4-6045bde02116
Lincoln,90dacf4e-5f33-f111-88b4-6045bde02116
LITHUANIA,0015bb60-5f33-f111-88b4-6045bde02116
Liverpool,88dacf4e-5f33-f111-88b4-6045bde02116
Llandrindod Wells[1],8bdacf4e-5f33-f111-88b4-6045bde02116
Llandudno,8fdacf4e-5f33-f111-88b4-6045bde02116
Lombardia,8fcec25a-5f33-f111-88b4-6045bde02116
London E,3ddacf4e-5f33-f111-88b4-6045bde02116
LONDON EAST,88cdc25a-5f33-f111-88b4-6045bde02116
LONDON EC,dfcdc25a-5f33-f111-88b4-6045bde02116
London EC,3edacf4e-5f33-f111-88b4-6045bde02116
London N,b6dacf4e-5f33-f111-88b4-6045bde02116
London N1,92dacf4e-5f33-f111-88b4-6045bde02116
London NW,8d84ca54-5f33-f111-88b4-6045bde02116
London SE,c484ca54-5f33-f111-88b4-6045bde02116
London SW,d884ca54-5f33-f111-88b4-6045bde02116
London W,fa84ca54-5f33-f111-88b4-6045bde02116
London WC,ff84ca54-5f33-f111-88b4-6045bde02116
LONDONDERRY,7fcdc25a-5f33-f111-88b4-6045bde02116
LONGFORD,74cec25a-5f33-f111-88b4-6045bde02116
Lorraine,91dacf4e-5f33-f111-88b4-6045bde02116
Louisiana,8adacf4e-5f33-f111-88b4-6045bde02116
LOUTH,72cec25a-5f33-f111-88b4-6045bde02116
Lower Saxony,4fcdc25a-5f33-f111-88b4-6045bde02116
Lubelskie,bdd9cf4e-5f33-f111-88b4-6045bde02116
Lubuskie,bed9cf4e-5f33-f111-88b4-6045bde02116
Luhansk Region,9485ca54-5f33-f111-88b4-6045bde02116
Luton,96dacf4e-5f33-f111-88b4-6045bde02116
LUXEMBOURG,0115bb60-5f33-f111-88b4-6045bde02116
Luzern,1a85ca54-5f33-f111-88b4-6045bde02116
Lviv Region,9585ca54-5f33-f111-88b4-6045bde02116
Ma?opolskie,c0d9cf4e-5f33-f111-88b4-6045bde02116
MACAO,1015bb60-5f33-f111-88b4-6045bde02116
Macao,5885ca54-5f33-f111-88b4-6045bde02116
MADAGASCAR,0a15bb60-5f33-f111-88b4-6045bde02116
Madhya Pradesh,b0dacf4e-5f33-f111-88b4-6045bde02116
Magdalena,7085ca54-5f33-f111-88b4-6045bde02116
Maharashtra,a2dacf4e-5f33-f111-88b4-6045bde02116
Maine,9fdacf4e-5f33-f111-88b4-6045bde02116
MALAWI,1b15bb60-5f33-f111-88b4-6045bde02116
MALAYSIA,4315bb60-5f33-f111-88b4-6045bde02116
MALDIVES,1a15bb60-5f33-f111-88b4-6045bde02116
MALI,0d15bb60-5f33-f111-88b4-6045bde02116
MALTA,1815bb60-5f33-f111-88b4-6045bde02116
Manchester,97dacf4e-5f33-f111-88b4-6045bde02116
Mangystau Region,b385ca54-5f33-f111-88b4-6045bde02116
Manipur,aadacf4e-5f33-f111-88b4-6045bde02116
Manitoba,9bdacf4e-5f33-f111-88b4-6045bde02116
Marche,9fcec25a-5f33-f111-88b4-6045bde02116
MARSHALL ISLANDS,0b15bb60-5f33-f111-88b4-6045bde02116
Marshall Islands,a3dacf4e-5f33-f111-88b4-6045bde02116
Martinique,99dacf4e-5f33-f111-88b4-6045bde02116
Maryland,9ddacf4e-5f33-f111-88b4-6045bde02116
Massachusetts,98dacf4e-5f33-f111-88b4-6045bde02116
MAURITANIA,1615bb60-5f33-f111-88b4-6045bde02116
MAURITIUS,1915bb60-5f33-f111-88b4-6045bde02116
MAYO,65cec25a-5f33-f111-88b4-6045bde02116
Mayotte,9adacf4e-5f33-f111-88b4-6045bde02116
MAYOTTE,faccc25a-5f33-f111-88b4-6045bde02116
Mazowieckie,c3d9cf4e-5f33-f111-88b4-6045bde02116
MEATH,6fcec25a-5f33-f111-88b4-6045bde02116
Mecklenburg-Vorpommern,51cdc25a-5f33-f111-88b4-6045bde02116
Meghalaya,a9dacf4e-5f33-f111-88b4-6045bde02116
Melilla,a0dacf4e-5f33-f111-88b4-6045bde02116
MERSEYSIDE,79cdc25a-5f33-f111-88b4-6045bde02116
MERTHYR TYDFIL,bfcdc25a-5f33-f111-88b4-6045bde02116
Merthyr Tydfil,97cdc25a-5f33-f111-88b4-6045bde02116
Meta,7185ca54-5f33-f111-88b4-6045bde02116
MEXICO,b4dacf4e-5f33-f111-88b4-6045bde02116
Mexico,a1dacf4e-5f33-f111-88b4-6045bde02116
Michigan,a4dacf4e-5f33-f111-88b4-6045bde02116
Michoacan,4215bb60-5f33-f111-88b4-6045bde02116
Michoacan,a5dacf4e-5f33-f111-88b4-6045bde02116
"MICRONESIA, FEDERATED STATES OF",65cdc25a-5f33-f111-88b4-6045bde02116
MID GLAMORGAN,7acdc25a-5f33-f111-88b4-6045bde02116
MIDDLESEX,a6dacf4e-5f33-f111-88b4-6045bde02116
MIDDLESEX,9cdacf4e-5f33-f111-88b4-6045bde02116
Midi-Pyrenees,afdacf4e-5f33-f111-88b4-6045bde02116
MIDLOTHIAN,e5cdc25a-5f33-f111-88b4-6045bde02116
Milton Keynes,a7dacf4e-5f33-f111-88b4-6045bde02116
Minnesota,abdacf4e-5f33-f111-88b4-6045bde02116
Minsk City,a885ca54-5f33-f111-88b4-6045bde02116
Minsk Region,a685ca54-5f33-f111-88b4-6045bde02116
Mississippi,b2dacf4e-5f33-f111-88b4-6045bde02116
Missouri,acdacf4e-5f33-f111-88b4-6045bde02116
Mizoram,b5dacf4e-5f33-f111-88b4-6045bde02116
Mogilev Region,a785ca54-5f33-f111-88b4-6045bde02116
"MOLDOVA, REPUBLIC OF",0715bb60-5f33-f111-88b4-6045bde02116
Molise,95cec25a-5f33-f111-88b4-6045bde02116
MONACO,0615bb60-5f33-f111-88b4-6045bde02116
MONAGHAN,6bcec25a-5f33-f111-88b4-6045bde02116
MONGOLIA,0f15bb60-5f33-f111-88b4-6045bde02116
MONMOUTHSHIRE,eccdc25a-5f33-f111-88b4-6045bde02116
Montana,b3dacf4e-5f33-f111-88b4-6045bde02116
MONTSERRAT,1715bb60-5f33-f111-88b4-6045bde02116
MORAY,bdcdc25a-5f33-f111-88b4-6045bde02116
Morelos,aedacf4e-5f33-f111-88b4-6045bde02116
MOROCCO,0515bb60-5f33-f111-88b4-6045bde02116
Morocco,addacf4e-5f33-f111-88b4-6045bde02116
MOROCCO,f9ccc25a-5f33-f111-88b4-6045bde02116
Motherwell,a8dacf4e-5f33-f111-88b4-6045bde02116
MOZAMBIQUE,4415bb60-5f33-f111-88b4-6045bde02116
MYANMAR,0e15bb60-5f33-f111-88b4-6045bde02116
Mykolaiv Region,9785ca54-5f33-f111-88b4-6045bde02116
Nagaland,c6dacf4e-5f33-f111-88b4-6045bde02116
Namangan Region,d9ccc25a-5f33-f111-88b4-6045bde02116
NAMIBIA,4515bb60-5f33-f111-88b4-6045bde02116
Narino,7285ca54-5f33-f111-88b4-6045bde02116
NAURU,5415bb60-5f33-f111-88b4-6045bde02116
Navoiy Region,deccc25a-5f33-f111-88b4-6045bde02116
Nayarit,b7dacf4e-5f33-f111-88b4-6045bde02116
Neath Port Talbot,9acdc25a-5f33-f111-88b4-6045bde02116
Nebraska,bddacf4e-5f33-f111-88b4-6045bde02116
Neimenggu,37cdc25a-5f33-f111-88b4-6045bde02116
Neimengu,3c85ca54-5f33-f111-88b4-6045bde02116
NEPAL,5215bb60-5f33-f111-88b4-6045bde02116
NETHERLANDS,4e15bb60-5f33-f111-88b4-6045bde02116
NETHERLANDS ANTILLES,0acdc25a-5f33-f111-88b4-6045bde02116
Neuchatel,3285ca54-5f33-f111-88b4-6045bde02116
Nevada,8c84ca54-5f33-f111-88b4-6045bde02116
New Brunswick,b8dacf4e-5f33-f111-88b4-6045bde02116
New Caledonia,badacf4e-5f33-f111-88b4-6045bde02116
NEW CALEDONIA,fbccc25a-5f33-f111-88b4-6045bde02116
New Delhi,87cec25a-5f33-f111-88b4-6045bde02116
New Hampshire,c1dacf4e-5f33-f111-88b4-6045bde02116
New Jersey,c3dacf4e-5f33-f111-88b4-6045bde02116
NEW LANARKSHIRE,b1cdc25a-5f33-f111-88b4-6045bde02116
New Mexico,cadacf4e-5f33-f111-88b4-6045bde02116
NEW SOUTH WALES,d1dacf4e-5f33-f111-88b4-6045bde02116
New York,8e84ca54-5f33-f111-88b4-6045bde02116
NEW ZEALAND,8f84ca54-5f33-f111-88b4-6045bde02116
Newfoundland and Labrador,c5dacf4e-5f33-f111-88b4-6045bde02116
Newport,cedacf4e-5f33-f111-88b4-6045bde02116
NICARAGUA,4a15bb60-5f33-f111-88b4-6045bde02116
Nidwalden,1e85ca54-5f33-f111-88b4-6045bde02116
NIGER,4715bb60-5f33-f111-88b4-6045bde02116
NIGERIA,4915bb60-5f33-f111-88b4-6045bde02116
Ningxia,4e85ca54-5f33-f111-88b4-6045bde02116
NIUE,5615bb60-5f33-f111-88b4-6045bde02116
NLa Guajira,6e85ca54-5f33-f111-88b4-6045bde02116
NORD PAS DE CALAIS,cfdacf4e-5f33-f111-88b4-6045bde02116
NORFOLK,cdcdc25a-5f33-f111-88b4-6045bde02116
NORFOLK ISLAND,4815bb60-5f33-f111-88b4-6045bde02116
Norte de Santander,7385ca54-5f33-f111-88b4-6045bde02116
North Ayrshire,8fcdc25a-5f33-f111-88b4-6045bde02116
North Carolina,b9dacf4e-5f33-f111-88b4-6045bde02116
North Caucasian Federal District,8085ca54-5f33-f111-88b4-6045bde02116
North Dakota,bbdacf4e-5f33-f111-88b4-6045bde02116
North Kazakhstan Region,b585ca54-5f33-f111-88b4-6045bde02116
North Macedonia,0c15bb60-5f33-f111-88b4-6045bde02116
North Rhine-Westphalia,47cdc25a-5f33-f111-88b4-6045bde02116
Northampton,ccdacf4e-5f33-f111-88b4-6045bde02116
NORTHERN IRELAND,efcdc25a-5f33-f111-88b4-6045bde02116
NORTHERN MARIANA ISLANDS,1515bb60-5f33-f111-88b4-6045bde02116
Northern Mariana Islands,b1dacf4e-5f33-f111-88b4-6045bde02116
NORTHHAMPTONSHIRE,70cdc25a-5f33-f111-88b4-6045bde02116
NORTHUMBERLAND,cecdc25a-5f33-f111-88b4-6045bde02116
Northwest Territories,d3dacf4e-5f33-f111-88b4-6045bde02116
Northwestern Federal District,7e85ca54-5f33-f111-88b4-6045bde02116
NORWAY,5115bb60-5f33-f111-88b4-6045bde02116
Norwich,d0dacf4e-5f33-f111-88b4-6045bde02116
Nottingham,bedacf4e-5f33-f111-88b4-6045bde02116
Nottinghamshire,b5cdc25a-5f33-f111-88b4-6045bde02116
Nova Scotia,d2dacf4e-5f33-f111-88b4-6045bde02116
Nuevo Leon,1d15bb60-5f33-f111-88b4-6045bde02116
Nuevo Leon,c8dacf4e-5f33-f111-88b4-6045bde02116
Nunavut,8b84ca54-5f33-f111-88b4-6045bde02116
Nur-Sultan,b785ca54-5f33-f111-88b4-6045bde02116
Oaxaca,9084ca54-5f33-f111-88b4-6045bde02116
Obwalden,1d85ca54-5f33-f111-88b4-6045bde02116
Odessa Region,9885ca54-5f33-f111-88b4-6045bde02116
OFFALY,79cec25a-5f33-f111-88b4-6045bde02116
Ohio,9184ca54-5f33-f111-88b4-6045bde02116
Oklahoma,9284ca54-5f33-f111-88b4-6045bde02116
Oldham,9384ca54-5f33-f111-88b4-6045bde02116
OMAN,5715bb60-5f33-f111-88b4-6045bde02116
Ontario,9484ca54-5f33-f111-88b4-6045bde02116
Opolskie,c5d9cf4e-5f33-f111-88b4-6045bde02116
Oregon,9684ca54-5f33-f111-88b4-6045bde02116
Orissa,9584ca54-5f33-f111-88b4-6045bde02116
ORKNEY,b4cdc25a-5f33-f111-88b4-6045bde02116
Outer Hebrides[1],6adacf4e-5f33-f111-88b4-6045bde02116
Oxford,9784ca54-5f33-f111-88b4-6045bde02116
País Vasco,ab84ca54-5f33-f111-88b4-6045bde02116
Paisley,9884ca54-5f33-f111-88b4-6045bde02116
PALAU,6915bb60-5f33-f111-88b4-6045bde02116
Palau,ac84ca54-5f33-f111-88b4-6045bde02116
PANAMA,5915bb60-5f33-f111-88b4-6045bde02116
PAPUA NEW GUINEA,5d15bb60-5f33-f111-88b4-6045bde02116
PARAGUAY,6b15bb60-5f33-f111-88b4-6045bde02116
Pavlodar Region,b485ca54-5f33-f111-88b4-6045bde02116
Pays-de-la-Loire,9e84ca54-5f33-f111-88b4-6045bde02116
PEMBROKESHIRE,8acdc25a-5f33-f111-88b4-6045bde02116
Pennsylvania,9984ca54-5f33-f111-88b4-6045bde02116
Perth,a184ca54-5f33-f111-88b4-6045bde02116
PERTH & KINROSS,96cdc25a-5f33-f111-88b4-6045bde02116
PERU,5b15bb60-5f33-f111-88b4-6045bde02116
Peterborough,a084ca54-5f33-f111-88b4-6045bde02116
Picardie (Picardy),a284ca54-5f33-f111-88b4-6045bde02116
Piemonte,94cec25a-5f33-f111-88b4-6045bde02116
PITCAIRN,6015bb60-5f33-f111-88b4-6045bde02116
Plymouth,a384ca54-5f33-f111-88b4-6045bde02116
Podkarpackie,c6d9cf4e-5f33-f111-88b4-6045bde02116
Podlaskie,b5d9cf4e-5f33-f111-88b4-6045bde02116
Poitou-Charentes,9d84ca54-5f33-f111-88b4-6045bde02116
POLAND,a484ca54-5f33-f111-88b4-6045bde02116
Poltava Region,9985ca54-5f33-f111-88b4-6045bde02116
Pomorskie,b6d9cf4e-5f33-f111-88b4-6045bde02116
Portsmouth,a584ca54-5f33-f111-88b4-6045bde02116
PORTUGAL,6615bb60-5f33-f111-88b4-6045bde02116
POWYS,b9cdc25a-5f33-f111-88b4-6045bde02116
Preston,a884ca54-5f33-f111-88b4-6045bde02116
Prince Edward Island,9f84ca54-5f33-f111-88b4-6045bde02116
Principado de Asturias,9b84ca54-5f33-f111-88b4-6045bde02116
Privolzhsky Federal District,8185ca54-5f33-f111-88b4-6045bde02116
Provence-AlpespCote d'Azur,9a84ca54-5f33-f111-88b4-6045bde02116
Puducherry,ad84ca54-5f33-f111-88b4-6045bde02116
Puebla,aa84ca54-5f33-f111-88b4-6045bde02116
PUERTO RICO,6115bb60-5f33-f111-88b4-6045bde02116
Puerto Rico,a984ca54-5f33-f111-88b4-6045bde02116
Puglia,96cec25a-5f33-f111-88b4-6045bde02116
Punjab,9c84ca54-5f33-f111-88b4-6045bde02116
Putumayo,7485ca54-5f33-f111-88b4-6045bde02116
QATAR,6d15bb60-5f33-f111-88b4-6045bde02116
Qinghai,4f85ca54-5f33-f111-88b4-6045bde02116
Quebec,ae84ca54-5f33-f111-88b4-6045bde02116
QUEENSLAND,af84ca54-5f33-f111-88b4-6045bde02116
Queretaro,2615bb60-5f33-f111-88b4-6045bde02116
Queretaro,b084ca54-5f33-f111-88b4-6045bde02116
Quibec,a784ca54-5f33-f111-88b4-6045bde02116
Quindio,7585ca54-5f33-f111-88b4-6045bde02116
Quintana Roo,4015bb60-5f33-f111-88b4-6045bde02116
Quintana Roo,ba84ca54-5f33-f111-88b4-6045bde02116
Rajasthan,b684ca54-5f33-f111-88b4-6045bde02116
Reading,b384ca54-5f33-f111-88b4-6045bde02116
Redhill,b484ca54-5f33-f111-88b4-6045bde02116
Región de Murcia,b884ca54-5f33-f111-88b4-6045bde02116
RENFREWSHIRE,90cdc25a-5f33-f111-88b4-6045bde02116
Reunion,b284ca54-5f33-f111-88b4-6045bde02116
RÉUNION,fcccc25a-5f33-f111-88b4-6045bde02116
Rhineland-Palatinate,44cdc25a-5f33-f111-88b4-6045bde02116
Rhode Island,b584ca54-5f33-f111-88b4-6045bde02116
RHONDDA CYNON TAFF,dacdc25a-5f33-f111-88b4-6045bde02116
Rhone-Alpes,b184ca54-5f33-f111-88b4-6045bde02116
Risaralda,7685ca54-5f33-f111-88b4-6045bde02116
Rivne Region,9a85ca54-5f33-f111-88b4-6045bde02116
Rochester[1],9edacf4e-5f33-f111-88b4-6045bde02116
ROMANIA,fdccc25a-5f33-f111-88b4-6045bde02116
Romford,b784ca54-5f33-f111-88b4-6045bde02116
ROSCOMMON,69cec25a-5f33-f111-88b4-6045bde02116
RUSSIAN FEDERATION,ffccc25a-5f33-f111-88b4-6045bde02116
RUTLAND,1acec25a-5f33-f111-88b4-6045bde02116
Saarland,53cdc25a-5f33-f111-88b4-6045bde02116
"SAINT HELENA, ASCENSION AND TRISTAN DA CUNHA",7b15bb60-5f33-f111-88b4-6045bde02116
SAINT KITTS AND NEVIS,b5cec25a-5f33-f111-88b4-6045bde02116
SAINT LUCIA,fb14bb60-5f33-f111-88b4-6045bde02116
SAINT PIERRE AND MIQUELON,00cdc25a-5f33-f111-88b4-6045bde02116
Saint Pierre and Miquelon,d184ca54-5f33-f111-88b4-6045bde02116
SAINT VINCENT AND THE GRENADINES,ab15bb60-5f33-f111-88b4-6045bde02116
Salisbury[1],d084ca54-5f33-f111-88b4-6045bde02116
Samarkand Region,e4ccc25a-5f33-f111-88b4-6045bde02116
SAMOA,b115bb60-5f33-f111-88b4-6045bde02116
San Luis Potosi,cb84ca54-5f33-f111-88b4-6045bde02116
SAN MARINO,8215bb60-5f33-f111-88b4-6045bde02116
Santa Catarina,5b85ca54-5f33-f111-88b4-6045bde02116
Santander,7785ca54-5f33-f111-88b4-6045bde02116
SAO TOME AND PRINCIPE,8815bb60-5f33-f111-88b4-6045bde02116
Sardegna,8ccec25a-5f33-f111-88b4-6045bde02116
Saskatchewan,c784ca54-5f33-f111-88b4-6045bde02116
SAUDI ARABIA,bf84ca54-5f33-f111-88b4-6045bde02116
Saxony,4acdc25a-5f33-f111-88b4-6045bde02116
Saxony-Anhalt,4ccdc25a-5f33-f111-88b4-6045bde02116
Schaffhausen,2685ca54-5f33-f111-88b4-6045bde02116
Schleswig-Holstein,4dcdc25a-5f33-f111-88b4-6045bde02116
Schwyz,1c85ca54-5f33-f111-88b4-6045bde02116
SCUNTHORPE,c084ca54-5f33-f111-88b4-6045bde02116
SENEGAL,8415bb60-5f33-f111-88b4-6045bde02116
SERBIA,6e15bb60-5f33-f111-88b4-6045bde02116
SEYCHELLES,7415bb60-5f33-f111-88b4-6045bde02116
Shaanxi,3d85ca54-5f33-f111-88b4-6045bde02116
Shandong,3e85ca54-5f33-f111-88b4-6045bde02116
Shanghai,5185ca54-5f33-f111-88b4-6045bde02116
Shanxi,5085ca54-5f33-f111-88b4-6045bde02116
Sheffield,bc84ca54-5f33-f111-88b4-6045bde02116
Sheffield,b2d9cf4e-5f33-f111-88b4-6045bde02116
SHETLAND,a3cdc25a-5f33-f111-88b4-6045bde02116
Shrewsbury,d984ca54-5f33-f111-88b4-6045bde02116
SHROPSHIRE,d8cdc25a-5f33-f111-88b4-6045bde02116
Shymkent,bcccc25a-5f33-f111-88b4-6045bde02116
Siberian Federal District,8385ca54-5f33-f111-88b4-6045bde02116
Sichuan,5285ca54-5f33-f111-88b4-6045bde02116
Sicilia,99cec25a-5f33-f111-88b4-6045bde02116
SIERRA LEONE,8115bb60-5f33-f111-88b4-6045bde02116
Sikkim,c984ca54-5f33-f111-88b4-6045bde02116
Sinaloa,c684ca54-5f33-f111-88b4-6045bde02116
SINGAPORE,7915bb60-5f33-f111-88b4-6045bde02116
SLIGO,75cec25a-5f33-f111-88b4-6045bde02116
Slough,ca84ca54-5f33-f111-88b4-6045bde02116
SLOVAKIA,8015bb60-5f33-f111-88b4-6045bde02116
SLOVENIA,7d15bb60-5f33-f111-88b4-6045bde02116
SOLOMON ISLANDS,7215bb60-5f33-f111-88b4-6045bde02116
Solothurn,2385ca54-5f33-f111-88b4-6045bde02116
SOMALIA,8515bb60-5f33-f111-88b4-6045bde02116
SOMERSET,98cdc25a-5f33-f111-88b4-6045bde02116
Sonora,cf84ca54-5f33-f111-88b4-6045bde02116
SOUTH AFRICA,b415bb60-5f33-f111-88b4-6045bde02116
SOUTH AUSTRALIA,bd84ca54-5f33-f111-88b4-6045bde02116
SOUTH AYESHIRE,34cec25a-5f33-f111-88b4-6045bde02116
South Carolina,c184ca54-5f33-f111-88b4-6045bde02116
South Dakota,c384ca54-5f33-f111-88b4-6045bde02116
SOUTH GEORGIA AND THE SOUTH SANDWICH ISLANDS,56cec25a-5f33-f111-88b4-6045bde02116
South Glamorgan,accdc25a-5f33-f111-88b4-6045bde02116
SOUTH LANARKSHIRE,b3cdc25a-5f33-f111-88b4-6045bde02116
Southall[1],f284ca54-5f33-f111-88b4-6045bde02116
Southampton,ce84ca54-5f33-f111-88b4-6045bde02116
Southend on Sea,d384ca54-5f33-f111-88b4-6045bde02116
Southern Federal District,7f85ca54-5f33-f111-88b4-6045bde02116
SPAIN,60cdc25a-5f33-f111-88b4-6045bde02116
SRI LANKA,fd14bb60-5f33-f111-88b4-6045bde02116
St Albans,cfd9cf4e-5f33-f111-88b4-6045bde02116
St. Gallen,2a85ca54-5f33-f111-88b4-6045bde02116
Staffordshire,d584ca54-5f33-f111-88b4-6045bde02116
Staffordshire,d484ca54-5f33-f111-88b4-6045bde02116
Stevenage,c584ca54-5f33-f111-88b4-6045bde02116
STH DUBLIN,80cec25a-5f33-f111-88b4-6045bde02116
STIRLINGSHIRE,83cdc25a-5f33-f111-88b4-6045bde02116
Stockport,c884ca54-5f33-f111-88b4-6045bde02116
STOCKTON-ON -TEES,c284ca54-5f33-f111-88b4-6045bde02116
Sucre,7885ca54-5f33-f111-88b4-6045bde02116
SUDAN,7615bb60-5f33-f111-88b4-6045bde02116
SUFFOLK,a2cdc25a-5f33-f111-88b4-6045bde02116
Sumy Region,9b85ca54-5f33-f111-88b4-6045bde02116
Sunderland,d284ca54-5f33-f111-88b4-6045bde02116
SURINAME,8715bb60-5f33-f111-88b4-6045bde02116
Surkhandarya Region,e7ccc25a-5f33-f111-88b4-6045bde02116
SURREY,d684ca54-5f33-f111-88b4-6045bde02116
Sutton[1],cc84ca54-5f33-f111-88b4-6045bde02116
SVALBARD AND JAN MAYEN,7f15bb60-5f33-f111-88b4-6045bde02116
Swansea,be84ca54-5f33-f111-88b4-6045bde02116
SWAZILAND,da84ca54-5f33-f111-88b4-6045bde02116
SWEDEN,7715bb60-5f33-f111-88b4-6045bde02116
Swindon,cd84ca54-5f33-f111-88b4-6045bde02116
SWITZERLAND,0ddacf4e-5f33-f111-88b4-6045bde02116
Syrdarya Region,edccc25a-5f33-f111-88b4-6045bde02116
Tabasco,dc84ca54-5f33-f111-88b4-6045bde02116
Taiwan,5a85ca54-5f33-f111-88b4-6045bde02116
"TAIWAN, PROVINCE OF CHINA",ee84ca54-5f33-f111-88b4-6045bde02116
TAJIKISTAN,9315bb60-5f33-f111-88b4-6045bde02116
Tamaulipas,3415bb60-5f33-f111-88b4-6045bde02116
Tamaulipas,dd84ca54-5f33-f111-88b4-6045bde02116
Tamil Nadu,e484ca54-5f33-f111-88b4-6045bde02116
"TANZANIA, UNITED REPUBLIC OF",9f15bb60-5f33-f111-88b4-6045bde02116
Tashkent Region,f0ccc25a-5f33-f111-88b4-6045bde02116
TASMANIA,ea84ca54-5f33-f111-88b4-6045bde02116
Taunton,db84ca54-5f33-f111-88b4-6045bde02116
Telangana,1785ca54-5f33-f111-88b4-6045bde02116
Telford,df84ca54-5f33-f111-88b4-6045bde02116
Tennessee,e584ca54-5f33-f111-88b4-6045bde02116
Ternopil Region,9c85ca54-5f33-f111-88b4-6045bde02116
Texas,f084ca54-5f33-f111-88b4-6045bde02116
THAILAND,9215bb60-5f33-f111-88b4-6045bde02116
THETFORD,e084ca54-5f33-f111-88b4-6045bde02116
Thurgau,2e85ca54-5f33-f111-88b4-6045bde02116
Thuringia,4ecdc25a-5f33-f111-88b4-6045bde02116
Tianjin,5385ca54-5f33-f111-88b4-6045bde02116
Tibet,5485ca54-5f33-f111-88b4-6045bde02116
Ticino,2f85ca54-5f33-f111-88b4-6045bde02116
TIPPERARY,66cec25a-5f33-f111-88b4-6045bde02116
TIPTON,e184ca54-5f33-f111-88b4-6045bde02116
Tlaxcala,3215bb60-5f33-f111-88b4-6045bde02116
Tlaxcala,e284ca54-5f33-f111-88b4-6045bde02116
TOGO,9115bb60-5f33-f111-88b4-6045bde02116
TOKELAU,9415bb60-5f33-f111-88b4-6045bde02116
Tolima,7985ca54-5f33-f111-88b4-6045bde02116
Tonbridge,e384ca54-5f33-f111-88b4-6045bde02116
TONGA,9a15bb60-5f33-f111-88b4-6045bde02116
TORFAEN,04cec25a-5f33-f111-88b4-6045bde02116
Torquay,e784ca54-5f33-f111-88b4-6045bde02116
Toscana,97cec25a-5f33-f111-88b4-6045bde02116
Trentino-A,9ecec25a-5f33-f111-88b4-6045bde02116
TRINIDAD AND TOBAGO,9c15bb60-5f33-f111-88b4-6045bde02116
Tripura,e984ca54-5f33-f111-88b4-6045bde02116
Truro,e884ca54-5f33-f111-88b4-6045bde02116
TUNISIA,9915bb60-5f33-f111-88b4-6045bde02116
TURKEY,9b15bb60-5f33-f111-88b4-6045bde02116
Turkistan Region,b685ca54-5f33-f111-88b4-6045bde02116
TURKMENISTAN,9715bb60-5f33-f111-88b4-6045bde02116
TURONE,80cdc25a-5f33-f111-88b4-6045bde02116
TUVALU,9e15bb60-5f33-f111-88b4-6045bde02116
Twickenham,ec84ca54-5f33-f111-88b4-6045bde02116
TYNE & WEAR,76cdc25a-5f33-f111-88b4-6045bde02116
TYNE & WEAR,bcdacf4e-5f33-f111-88b4-6045bde02116
Tyrone,9bcdc25a-5f33-f111-88b4-6045bde02116
UCKFIELD,e684ca54-5f33-f111-88b4-6045bde02116
UGANDA,a515bb60-5f33-f111-88b4-6045bde02116
UKRAINE,a215bb60-5f33-f111-88b4-6045bde02116
Umbria,91cec25a-5f33-f111-88b4-6045bde02116
UNITED ARAB EMIRATES,04cdc25a-5f33-f111-88b4-6045bde02116
UNITED KINGDOM,50dacf4e-5f33-f111-88b4-6045bde02116
UNITED STATES MINOR OUTLYING ISLANDS,a615bb60-5f33-f111-88b4-6045bde02116
Ural Federal District,8285ca54-5f33-f111-88b4-6045bde02116
Uri,1b85ca54-5f33-f111-88b4-6045bde02116
URUGUAY,a915bb60-5f33-f111-88b4-6045bde02116
Utah,f484ca54-5f33-f111-88b4-6045bde02116
Uttar Pradesh,f384ca54-5f33-f111-88b4-6045bde02116
Uttarakhand,f184ca54-5f33-f111-88b4-6045bde02116
UZBEKISTAN,01cdc25a-5f33-f111-88b4-6045bde02116
Valais,3185ca54-5f33-f111-88b4-6045bde02116
VALE OF GLAMORGAN,6ecdc25a-5f33-f111-88b4-6045bde02116
Valle d'Ao,a0cec25a-5f33-f111-88b4-6045bde02116
Valle del Cauca,7a85ca54-5f33-f111-88b4-6045bde02116
VANUATU,b015bb60-5f33-f111-88b4-6045bde02116
Vaud,3085ca54-5f33-f111-88b4-6045bde02116
Vaupes,7b85ca54-5f33-f111-88b4-6045bde02116
Veneto,9ccec25a-5f33-f111-88b4-6045bde02116
"VENEZUELA, BOLIVARIAN REPUBLIC OF",ac15bb60-5f33-f111-88b4-6045bde02116
Veracruz,f684ca54-5f33-f111-88b4-6045bde02116
Vermont,f984ca54-5f33-f111-88b4-6045bde02116
VERONA,98cec25a-5f33-f111-88b4-6045bde02116
Vichada,7c85ca54-5f33-f111-88b4-6045bde02116
VICTORIA,f784ca54-5f33-f111-88b4-6045bde02116
Viet Nam,af15bb60-5f33-f111-88b4-6045bde02116
Vinnytsia Region,9d85ca54-5f33-f111-88b4-6045bde02116
Virgin Islands,f884ca54-5f33-f111-88b4-6045bde02116
"VIRGIN ISLANDS, BRITISH",ad15bb60-5f33-f111-88b4-6045bde02116
"VIRGIN ISLANDS, U.S.",ae15bb60-5f33-f111-88b4-6045bde02116
Virginia,f584ca54-5f33-f111-88b4-6045bde02116
Vitebsk Region,a385ca54-5f33-f111-88b4-6045bde02116
Volyn Region,9e85ca54-5f33-f111-88b4-6045bde02116
Wakefield,0185ca54-5f33-f111-88b4-6045bde02116
Wallis and Futuna,0385ca54-5f33-f111-88b4-6045bde02116
WALLIS AND FUTUNA,02cdc25a-5f33-f111-88b4-6045bde02116
Walsall,0b85ca54-5f33-f111-88b4-6045bde02116
Warmi?sko-Mazurskie,b9d9cf4e-5f33-f111-88b4-6045bde02116
Warrington,fc84ca54-5f33-f111-88b4-6045bde02116
WARWICKSHIRE,0785ca54-5f33-f111-88b4-6045bde02116
Washington,fd84ca54-5f33-f111-88b4-6045bde02116
WATERFORD,7ecec25a-5f33-f111-88b4-6045bde02116
Watford,0085ca54-5f33-f111-88b4-6045bde02116
West Bengal,fe84ca54-5f33-f111-88b4-6045bde02116
WEST DUNBARTONSHIRE,c6cdc25a-5f33-f111-88b4-6045bde02116
West Kazakhstan Region,af85ca54-5f33-f111-88b4-6045bde02116
WEST LOTHIAN,78cdc25a-5f33-f111-88b4-6045bde02116
WEST MIDLANDS,0885ca54-5f33-f111-88b4-6045bde02116
WEST SUSSEX,39cec25a-5f33-f111-88b4-6045bde02116
WEST SUSSEX,0f85ca54-5f33-f111-88b4-6045bde02116
West Virginia,0e85ca54-5f33-f111-88b4-6045bde02116
WESTERN AUSTRALIA,fb84ca54-5f33-f111-88b4-6045bde02116
WESTERN ISLES,6acdc25a-5f33-f111-88b4-6045bde02116
WESTERN SAHARA,5ecdc25a-5f33-f111-88b4-6045bde02116
WESTMEATH,70cec25a-5f33-f111-88b4-6045bde02116
WEXFORD,6ecec25a-5f33-f111-88b4-6045bde02116
WICKLOW,77cec25a-5f33-f111-88b4-6045bde02116
Wielkopolskie,bad9cf4e-5f33-f111-88b4-6045bde02116
Wigan,0985ca54-5f33-f111-88b4-6045bde02116
WILTSHIRE,0485ca54-5f33-f111-88b4-6045bde02116
Wisconsin,0685ca54-5f33-f111-88b4-6045bde02116
Wolverhampton,0d85ca54-5f33-f111-88b4-6045bde02116
Worcester,0a85ca54-5f33-f111-88b4-6045bde02116
WORCESTERSHIRE,49cec25a-5f33-f111-88b4-6045bde02116
WREXHAM,93cdc25a-5f33-f111-88b4-6045bde02116
Wyoming,1085ca54-5f33-f111-88b4-6045bde02116
Xinjiang,5585ca54-5f33-f111-88b4-6045bde02116
YEMEN,b315bb60-5f33-f111-88b4-6045bde02116
YEOVIL,1185ca54-5f33-f111-88b4-6045bde02116
York,1285ca54-5f33-f111-88b4-6045bde02116
YORKSHIRE,91cdc25a-5f33-f111-88b4-6045bde02116
Yucatan,1485ca54-5f33-f111-88b4-6045bde02116
Yukon,1385ca54-5f33-f111-88b4-6045bde02116
Yunnan,5685ca54-5f33-f111-88b4-6045bde02116
Zacatecas,1585ca54-5f33-f111-88b4-6045bde02116
Zachodnio-Pomorskie,bbd9cf4e-5f33-f111-88b4-6045bde02116
Zakarpattia Region,9f85ca54-5f33-f111-88b4-6045bde02116
ZAMBIA,b715bb60-5f33-f111-88b4-6045bde02116
Zaporizhia Region,a085ca54-5f33-f111-88b4-6045bde02116
Zhejiang,3f85ca54-5f33-f111-88b4-6045bde02116
Zhenjiang,3acdc25a-5f33-f111-88b4-6045bde02116
Zhytomyr Region,a185ca54-5f33-f111-88b4-6045bde02116
ZIMBABWE,b815bb60-5f33-f111-88b4-6045bde02116
Zug,2085ca54-5f33-f111-88b4-6045bde02116
Zurich,1885ca54-5f33-f111-88b4-6045bde02116